from,to
https://andriukfoundation.org/,https://andriukfoundation.com/
https://andriukfoundation.org/our-impact/,https://andriukfoundation.com/pro-nas.html
https://andriukfoundation.org/volunteers/,https://andriukfoundation.com/komanda.html
https://andriukfoundation.org/misiya/,https://andriukfoundation.com/misiya.html
https://andriukfoundation.org/nashi-proekty/,https://andriukfoundation.com/nashi-proekty.html
https://andriukfoundation.org/dopomoga-viyskovim/,https://andriukfoundation.com/dopomoga-viyskovim.html
https://andriukfoundation.org/stomatologiya-dlya-viyskovih/,https://andriukfoundation.com/stomatologiya-dlya-viyskovih.html
https://andriukfoundation.org/dopomoga-dityam/,https://andriukfoundation.com/dopomoga-dityam.html
https://andriukfoundation.org/dopomoga-pereselentsyam/,https://andriukfoundation.com/dopomoga-pereselentsyam.html
https://andriukfoundation.org/dopomoga-likarnyam/,https://andriukfoundation.com/dopomoga-likarnyam.html
https://andriukfoundation.org/dopomoga-tvarinam/,https://andriukfoundation.com/dopomoga-tvarinam.html
https://andriukfoundation.org/news-stories/,https://andriukfoundation.com/news-stories.html
https://andriukfoundation.org/kontakti/,https://andriukfoundation.com/kontakti.html
https://andriukfoundation.org/dogovir-publichnoi-oferti/,https://andriukfoundation.com/dogovir-publichnoi-oferti.html
https://andriukfoundation.org/politika-konfidentsiynosti/,https://andriukfoundation.com/politika-konfidentsiynosti.html
https://blagofond.communal.rv.ua/,https://andriukfoundation.com/
https://blagofond.communal.rv.ua/kak-poluchit-pomosh/,https://andriukfoundation.com/yak-otrymaty-dopomogu.html
https://blagofond.communal.rv.ua/finansovaya-podderzhka/,https://andriukfoundation.com/pidtrymaty.html
https://blagofond.communal.rv.ua/rs/,https://andriukfoundation.com/pidtrymaty.html
https://blagofond.communal.rv.ua/kontakty/,https://andriukfoundation.com/kontakti.html
https://blagofond.communal.rv.ua/adress/,https://andriukfoundation.com/kontakti.html
https://blagofond.communal.rv.ua/missiya/,https://andriukfoundation.com/misiya.html
https://blagofond.communal.rv.ua/o-fonde/,https://andriukfoundation.com/misiya.html
https://blagofond.communal.rv.ua/documents/detail/1/,https://andriukfoundation.com/arhiv.html#statut
https://blagofond.communal.rv.ua/news/,https://andriukfoundation.com/arhiv.html
https://andriukfoundation.org/155-zrab/,https://andriukfoundation.com/zvity-arhiv-3.html#155-zrab
https://andriukfoundation.org/30-ombr-imeni-knyazya-kostyantina-ostrovskogo/,https://andriukfoundation.com/zvity-arhiv-1.html#30-ombr-imeni-knyazya-kostyantina-ostrovskogo
https://andriukfoundation.org/574-2/,https://andriukfoundation.com/zvity-arhiv-8.html#574-2
https://andriukfoundation.org/adresna-dopomoga-batoditniy-rodini/,https://andriukfoundation.com/zvity-arhiv-4.html#adresna-dopomoga-batoditniy-rodini
https://andriukfoundation.org/adresni-dopomogi/,https://andriukfoundation.com/zvity-arhiv-8.html#adresni-dopomogi
https://andriukfoundation.org/biytsi-sumskogo-napryamku/,https://andriukfoundation.com/zvity-arhiv-4.html#biytsi-sumskogo-napryamku
https://andriukfoundation.org/brati-nashi-menshi/,https://andriukfoundation.com/zvity-arhiv-1.html#brati-nashi-menshi
https://andriukfoundation.org/budischanskiy-psihonevrologichniy-internat/,https://andriukfoundation.com/zvity-arhiv-1.html#budischanskiy-psihonevrologichniy-internat
https://andriukfoundation.org/chernigivschina-sumschina/,https://andriukfoundation.com/zvity-arhiv-2.html#chernigivschina-sumschina
https://andriukfoundation.org/ditki-siroti/,https://andriukfoundation.com/zvity-arhiv-2.html#ditki-siroti
https://andriukfoundation.org/dityachiy-budinok-malyutki-v-misti-rivnomu/,https://andriukfoundation.com/zvity-arhiv-3.html#dityachiy-budinok-malyutki-v-misti-rivnomu
https://andriukfoundation.org/donechchina-zaporizhzhya-herson-mikolaiv/,https://andriukfoundation.com/zvity-arhiv-5.html#donechchina-zaporizhzhya-herson-mikolaiv
https://andriukfoundation.org/donetskiy-napryamok/,https://andriukfoundation.com/zvity-arhiv-2.html#donetskiy-napryamok
https://andriukfoundation.org/donetskiy-napryamok-2/,https://andriukfoundation.com/zvity-arhiv-1.html#donetskiy-napryamok-2
https://andriukfoundation.org/dopomaga-u-misto-mikolaiv/,https://andriukfoundation.com/zvity-arhiv-7.html#dopomaga-u-misto-mikolaiv
https://andriukfoundation.org/dopomoga-bagatoditniy-rodini/,https://andriukfoundation.com/zvity-arhiv-8.html#dopomoga-bagatoditniy-rodini
https://andriukfoundation.org/dopomoga-ditkam/,https://andriukfoundation.com/zvity-arhiv-7.html#dopomoga-ditkam
https://andriukfoundation.org/dopomoga-dityam-sirotam/,https://andriukfoundation.com/zvity-arhiv-4.html#dopomoga-dityam-sirotam
https://andriukfoundation.org/dopomoga-dlya-ditochok-sirit-ta-ditok-evakuyovanih-z-garyachih-tochok-ukraini/,https://andriukfoundation.com/zvity-arhiv-7.html#dopomoga-dlya-ditochok-sirit-ta-ditok-evakuyovanih-z-garyachih-tochok-ukraini
https://andriukfoundation.org/dopomoga-dlya-ditok-sirit-v-dityachomu-budinku-mista-oleksandriya-rivnenskoi-oblasti/,https://andriukfoundation.com/zvity-arhiv-3.html#dopomoga-dlya-ditok-sirit-v-dityachomu-budinku-mista-oleksandriya-rivnenskoi-oblasti
https://andriukfoundation.org/dopomoga-dlya-pereselentsiv-u-m-rivne/,https://andriukfoundation.com/zvity-arhiv-6.html#dopomoga-dlya-pereselentsiv-u-m-rivne
https://andriukfoundation.org/dopomoga-do-klevanskoi-spetsializovanoi-shkoli/,https://andriukfoundation.com/zvity-arhiv-7.html#dopomoga-do-klevanskoi-spetsializovanoi-shkoli
https://andriukfoundation.org/dopomoga-donetskiy-oblasti/,https://andriukfoundation.com/zvity-arhiv-7.html#dopomoga-donetskiy-oblasti
https://andriukfoundation.org/dopomoga-kiivskiy-dityachiy-likarni/,https://andriukfoundation.com/zvity-arhiv-8.html#dopomoga-kiivskiy-dityachiy-likarni
https://andriukfoundation.org/dopomoga-likami/,https://andriukfoundation.com/zvity-arhiv-4.html#dopomoga-likami
https://andriukfoundation.org/dopomoga-likarni-topclinicdenis/,https://andriukfoundation.com/zvity-arhiv-4.html#dopomoga-likarni-topclinicdenis
https://andriukfoundation.org/dopomoga-na-peredovu/,https://andriukfoundation.com/zvity-arhiv-4.html#dopomoga-na-peredovu
https://andriukfoundation.org/dopomoga-nashim-biytsyam-zsu/,https://andriukfoundation.com/zvity-arhiv-1.html#dopomoga-nashim-biytsyam-zsu
https://andriukfoundation.org/dopomoga-osoblivim-ditkam/,https://andriukfoundation.com/zvity-arhiv-2.html#dopomoga-osoblivim-ditkam
https://andriukfoundation.org/dopomoga-osobliviy-chudoviy-divchintsi/,https://andriukfoundation.com/zvity-arhiv-8.html#dopomoga-osobliviy-chudoviy-divchintsi
https://andriukfoundation.org/dopomoga-pereselentsi-sabini/,https://andriukfoundation.com/zvity-arhiv-5.html#dopomoga-pereselentsi-sabini
https://andriukfoundation.org/dopomoga-pereselentsi-z-mista-herson/,https://andriukfoundation.com/zvity-arhiv-7.html#dopomoga-pereselentsi-z-mista-herson
https://andriukfoundation.org/dopomoga-pereselentsyam-u-mikolaivskiy-oblasti/,https://andriukfoundation.com/zvity-arhiv-8.html#dopomoga-pereselentsyam-u-mikolaivskiy-oblasti
https://andriukfoundation.org/dopomoga-pereselentsyam-u-vinnitsi/,https://andriukfoundation.com/zvity-arhiv-8.html#dopomoga-pereselentsyam-u-vinnitsi
https://andriukfoundation.org/dopomoga-pereselentsyam-z-severodonetsku/,https://andriukfoundation.com/zvity-arhiv-8.html#dopomoga-pereselentsyam-z-severodonetsku
https://andriukfoundation.org/dopomoga-ta-svyato-u-navchalno-reabilitatsiyniy-tsentr/,https://andriukfoundation.com/zvity-arhiv-4.html#dopomoga-ta-svyato-u-navchalno-reabilitatsiyniy-tsentr
https://andriukfoundation.org/dopomoga-tvarinkam-na-utrimanni/,https://andriukfoundation.com/zvity-arhiv-6.html#dopomoga-tvarinkam-na-utrimanni
https://andriukfoundation.org/dopomoga-tyazhko-poranenomu-viyskovomu-ta-yogo-sim-i/,https://andriukfoundation.com/zvity-arhiv-1.html#dopomoga-tyazhko-poranenomu-viyskovomu-ta-yogo-sim-i
https://andriukfoundation.org/dopomoga-u-bogoduhiv/,https://andriukfoundation.com/zvity-arhiv-6.html#dopomoga-u-bogoduhiv
https://andriukfoundation.org/dopomoga-u-garyachi-tochki/,https://andriukfoundation.com/zvity-arhiv-7.html#dopomoga-u-garyachi-tochki
https://andriukfoundation.org/dopomoga-u-garyachi-tochki-2/,https://andriukfoundation.com/zvity-arhiv-6.html#dopomoga-u-garyachi-tochki-2
https://andriukfoundation.org/dopomoga-u-pokrovsk/,https://andriukfoundation.com/zvity-arhiv-5.html#dopomoga-u-pokrovsk
https://andriukfoundation.org/dopomoga-u-rizni-tochki/,https://andriukfoundation.com/zvity-arhiv-6.html#dopomoga-u-rizni-tochki
https://andriukfoundation.org/dopomoga-u-shist-viyskovih-tochok/,https://andriukfoundation.com/zvity-arhiv-7.html#dopomoga-u-shist-viyskovih-tochok
https://andriukfoundation.org/dopomoga-v-chuguivskomu-rayoni-harkivskoi-oblasti/,https://andriukfoundation.com/zvity-arhiv-4.html#dopomoga-v-chuguivskomu-rayoni-harkivskoi-oblasti
https://andriukfoundation.org/dopomoga-za-priznachennyam/,https://andriukfoundation.com/zvity-arhiv-5.html#dopomoga-za-priznachennyam
https://andriukfoundation.org/dopomoga-zsu/,https://andriukfoundation.com/zvity-arhiv-2.html#dopomoga-zsu
https://andriukfoundation.org/druzi-naymenshi/,https://andriukfoundation.com/zvity-arhiv-3.html#druzi-naymenshi
https://andriukfoundation.org/fond-zavitav-do-dityachogo-tsentru-dzherelo/,https://andriukfoundation.com/zvity-arhiv-7.html#fond-zavitav-do-dityachogo-tsentru-dzherelo
https://andriukfoundation.org/go-viyskovi-kapelani-m-kiiv/,https://andriukfoundation.com/zvity-arhiv-1.html#go-viyskovi-kapelani-m-kiiv
https://andriukfoundation.org/harkivskiy-napryamok/,https://andriukfoundation.com/zvity-arhiv-2.html#harkivskiy-napryamok
https://andriukfoundation.org/harkivskiy-ta-hersonskiy-napryamki/,https://andriukfoundation.com/zvity-arhiv-3.html#harkivskiy-ta-hersonskiy-napryamki
https://andriukfoundation.org/herson/,https://andriukfoundation.com/zvity-arhiv-6.html#herson
https://andriukfoundation.org/hvoriy-artemchik-ta-yogo-rodina-otrimali-dopomogu/,https://andriukfoundation.com/zvity-arhiv-2.html#hvoriy-artemchik-ta-yogo-rodina-otrimali-dopomogu
https://andriukfoundation.org/hvostiki/,https://andriukfoundation.com/zvity-arhiv-1.html#hvostiki
https://andriukfoundation.org/internat-v-oleksandrii-rivnenskoi-oblasti/,https://andriukfoundation.com/zvity-arhiv-5.html#internat-v-oleksandrii-rivnenskoi-oblasti
https://andriukfoundation.org/irpinska-miska-likarnya/,https://andriukfoundation.com/zvity-arhiv-8.html#irpinska-miska-likarnya
https://andriukfoundation.org/komulne-pidpriemstvo-rivnenskiy-oblasniy-ftiziopulmunologichniy-medichniy-tsentr/,https://andriukfoundation.com/zvity-arhiv-6.html#komulne-pidpriemstvo-rivnenskiy-oblasniy-ftiziopulmunologichniy-medichniy-tsentr
https://andriukfoundation.org/medichna-dopomoga-zsu/,https://andriukfoundation.com/zvity-arhiv-3.html#medichna-dopomoga-zsu
https://andriukfoundation.org/misto-oleksandriya-rivnenskoi-oblasti/,https://andriukfoundation.com/zvity-arhiv-1.html#misto-oleksandriya-rivnenskoi-oblasti
https://andriukfoundation.org/misto-pavlograd-dnipropetrovskoi-oblasti/,https://andriukfoundation.com/zvity-arhiv-5.html#misto-pavlograd-dnipropetrovskoi-oblasti
https://andriukfoundation.org/nashi-geroi/,https://andriukfoundation.com/zvity-arhiv-6.html#nashi-geroi
https://andriukfoundation.org/nashi-geroi-2/,https://andriukfoundation.com/zvity-arhiv-4.html#nashi-geroi-2
https://andriukfoundation.org/navchalno-reabilitatsiyniy-tsentr-1-mista-kriviy-rig/,https://andriukfoundation.com/zvity-arhiv-1.html#navchalno-reabilitatsiyniy-tsentr-1-mista-kriviy-rig
https://andriukfoundation.org/nizhinskiy-dityachiy-budinok-internat/,https://andriukfoundation.com/zvity-arhiv-8.html#nizhinskiy-dityachiy-budinok-internat
https://andriukfoundation.org/peredovi-pozitsii-pivdnya-shodu-ta-pivnochi/,https://andriukfoundation.com/zvity-arhiv-2.html#peredovi-pozitsii-pivdnya-shodu-ta-pivnochi
https://andriukfoundation.org/persha-bezkoshtovna-stomatologiya-v-m-rivne/,https://andriukfoundation.com/zvity-arhiv-8.html#persha-bezkoshtovna-stomatologiya-v-m-rivne
https://andriukfoundation.org/pidtrimka-osoblivih-ditochok/,https://andriukfoundation.com/zvity-arhiv-5.html#pidtrimka-osoblivih-ditochok
https://andriukfoundation.org/pivdenniy-napryamok-herson/,https://andriukfoundation.com/zvity-arhiv-3.html#pivdenniy-napryamok-herson
https://andriukfoundation.org/prikordonniy-zagin-bahmut/,https://andriukfoundation.com/zvity-arhiv-5.html#prikordonniy-zagin-bahmut
https://andriukfoundation.org/reabilitatsiyniy-tsentr-batki-proti-narkotikiv/,https://andriukfoundation.com/zvity-arhiv-8.html#reabilitatsiyniy-tsentr-batki-proti-narkotikiv
https://andriukfoundation.org/reabilitatsiyniy-tsentr-v-s-yasininichi-rivnenskoi-oblasti/,https://andriukfoundation.com/zvity-arhiv-3.html#reabilitatsiyniy-tsentr-v-s-yasininichi-rivnenskoi-oblasti
https://andriukfoundation.org/rivnenskiy-dityachiy-budinok/,https://andriukfoundation.com/zvity-arhiv-6.html#rivnenskiy-dityachiy-budinok
https://andriukfoundation.org/rodina-pereselentsiv-z-mista-zaporizhzhya/,https://andriukfoundation.com/zvity-arhiv-3.html#rodina-pereselentsiv-z-mista-zaporizhzhya
https://andriukfoundation.org/rodina-vpo/,https://andriukfoundation.com/zvity-arhiv-1.html#rodina-vpo
https://andriukfoundation.org/rozdacha-krosivok-u-misti-kievi-dlya-pereselentsiv/,https://andriukfoundation.com/zvity-arhiv-6.html#rozdacha-krosivok-u-misti-kievi-dlya-pereselentsiv
https://andriukfoundation.org/s-stayki-v-kiivskiy-oblasti/,https://andriukfoundation.com/zvity-arhiv-2.html#s-stayki-v-kiivskiy-oblasti
https://andriukfoundation.org/shturmoviy-batalyon-rug-59-toi-ompbr/,https://andriukfoundation.com/zvity-arhiv-4.html#shturmoviy-batalyon-rug-59-toi-ompbr
https://andriukfoundation.org/sumsko-kurskiy-napryamok/,https://andriukfoundation.com/zvity-arhiv-3.html#sumsko-kurskiy-napryamok
https://andriukfoundation.org/sumsko-kurskiy-napryamok-2/,https://andriukfoundation.com/zvity-arhiv-2.html#sumsko-kurskiy-napryamok-2
https://andriukfoundation.org/suputnikoviy-modem-starlink-internet/,https://andriukfoundation.com/zvity-arhiv-2.html#suputnikoviy-modem-starlink-internet
https://andriukfoundation.org/svyato-dlya-spetsializovanoi-shkoli-internatu-z-tyazhkimi-vadami-movlennya/,https://andriukfoundation.com/zvity-arhiv-4.html#svyato-dlya-spetsializovanoi-shkoli-internatu-z-tyazhkimi-vadami-movlennya
https://andriukfoundation.org/svyato-u-dityachomu-budinku-mista-oleksandriya/,https://andriukfoundation.com/zvity-arhiv-3.html#svyato-u-dityachomu-budinku-mista-oleksandriya
https://andriukfoundation.org/svyato-u-evangelskiy-tserkvi-duhovne-vidrodzhennya/,https://andriukfoundation.com/zvity-arhiv-6.html#svyato-u-evangelskiy-tserkvi-duhovne-vidrodzhennya
https://andriukfoundation.org/svyato-u-gorenichah/,https://andriukfoundation.com/zvity-arhiv-1.html#svyato-u-gorenichah
https://andriukfoundation.org/tretya-miska-likarnya-shvidkoi-dopomogi-u-misti-cherkasi/,https://andriukfoundation.com/zvity-arhiv-6.html#tretya-miska-likarnya-shvidkoi-dopomogi-u-misti-cherkasi
https://andriukfoundation.org/vidpravki/,https://andriukfoundation.com/zvity-arhiv-5.html#vidpravki
https://andriukfoundation.org/viyskovi-geroi/,https://andriukfoundation.com/zvity-arhiv-4.html#viyskovi-geroi
https://andriukfoundation.org/z-podarunkami-do-evangelskoi-tserkvi/,https://andriukfoundation.com/zvity-arhiv-5.html#z-podarunkami-do-evangelskoi-tserkvi
https://andriukfoundation.org/zaporizkiy-napryamok/,https://andriukfoundation.com/zvity-arhiv-2.html#zaporizkiy-napryamok
https://andriukfoundation.org/zbir-na-podarunki-dlya-ditey-sirit/,https://andriukfoundation.com/zvity-arhiv-5.html#zbir-na-podarunki-dlya-ditey-sirit
https://andriukfoundation.org/zdiysnennya-mriy/,https://andriukfoundation.com/zvity-arhiv-7.html#zdiysnennya-mriy
https://andriukfoundation.org/zvedena-brigada-natsionalnoi-politsii-volya/,https://andriukfoundation.com/zvity-arhiv-3.html#zvedena-brigada-natsionalnoi-politsii-volya
https://andriukfoundation.org/zvit-609-dopomoga-viyskovim/,https://andriukfoundation.com/zvity-arhiv-7.html#zvit-609-dopomoga-viyskovim
https://andriukfoundation.org/zvit-698-dopomoga-pereselentsyam/,https://andriukfoundation.com/zvity-arhiv-5.html#zvit-698-dopomoga-pereselentsyam
https://andriukfoundation.org/zvit-adresnoi-dostavki/,https://andriukfoundation.com/zvity-arhiv-7.html#zvit-adresnoi-dostavki
